true_class,predicted_class,count,true_class_total,row_proportion,row_percentage
A,A,31,33,0.9393939394,93.93939394
A,B,0,33,0,0
A,C,0,33,0,0
A,D,0,33,0,0
A,E,0,33,0,0
A,F,0,33,0,0
A,G,0,33,0,0
A,H,1,33,0.0303030303,3.03030303
A,I,0,33,0,0
A,J,0,33,0,0
A,K,0,33,0,0
A,L,0,33,0,0
A,M,0,33,0,0
A,N,0,33,0,0
A,O,0,33,0,0
A,P,0,33,0,0
A,Q,0,33,0,0
A,R,0,33,0,0
A,S,0,33,0,0
A,T,0,33,0,0
A,U,0,33,0,0
A,V,0,33,0,0
A,W,0,33,0,0
A,X,0,33,0,0
A,Y,0,33,0,0
A,Z,0,33,0,0
A,1,0,33,0,0
A,2,0,33,0,0
A,3,0,33,0,0
A,4,1,33,0.0303030303,3.03030303
A,5,0,33,0,0
A,6,0,33,0,0
A,7,0,33,0,0
A,8,0,33,0,0
A,9,0,33,0,0
B,A,0,33,0,0
B,B,31,33,0.9393939394,93.93939394
B,C,0,33,0,0
B,D,0,33,0,0
B,E,0,33,0,0
B,F,0,33,0,0
B,G,0,33,0,0
B,H,0,33,0,0
B,I,0,33,0,0
B,J,0,33,0,0
B,K,0,33,0,0
B,L,0,33,0,0
B,M,0,33,0,0
B,N,0,33,0,0
B,O,0,33,0,0
B,P,0,33,0,0
B,Q,0,33,0,0
B,R,1,33,0.0303030303,3.03030303
B,S,0,33,0,0
B,T,0,33,0,0
B,U,0,33,0,0
B,V,0,33,0,0
B,W,0,33,0,0
B,X,0,33,0,0
B,Y,0,33,0,0
B,Z,0,33,0,0
B,1,0,33,0,0
B,2,0,33,0,0
B,3,1,33,0.0303030303,3.03030303
B,4,0,33,0,0
B,5,0,33,0,0
B,6,0,33,0,0
B,7,0,33,0,0
B,8,0,33,0,0
B,9,0,33,0,0
C,A,0,33,0,0
C,B,0,33,0,0
C,C,31,33,0.9393939394,93.93939394
C,D,0,33,0,0
C,E,0,33,0,0
C,F,0,33,0,0
C,G,0,33,0,0
C,H,0,33,0,0
C,I,0,33,0,0
C,J,0,33,0,0
C,K,0,33,0,0
C,L,0,33,0,0
C,M,0,33,0,0
C,N,0,33,0,0
C,O,1,33,0.0303030303,3.03030303
C,P,0,33,0,0
C,Q,0,33,0,0
C,R,0,33,0,0
C,S,0,33,0,0
C,T,0,33,0,0
C,U,0,33,0,0
C,V,0,33,0,0
C,W,0,33,0,0
C,X,0,33,0,0
C,Y,0,33,0,0
C,Z,0,33,0,0
C,1,0,33,0,0
C,2,0,33,0,0
C,3,0,33,0,0
C,4,0,33,0,0
C,5,0,33,0,0
C,6,1,33,0.0303030303,3.03030303
C,7,0,33,0,0
C,8,0,33,0,0
C,9,0,33,0,0
D,A,0,33,0,0
D,B,0,33,0,0
D,C,0,33,0,0
D,D,33,33,1,100
D,E,0,33,0,0
D,F,0,33,0,0
D,G,0,33,0,0
D,H,0,33,0,0
D,I,0,33,0,0
D,J,0,33,0,0
D,K,0,33,0,0
D,L,0,33,0,0
D,M,0,33,0,0
D,N,0,33,0,0
D,O,0,33,0,0
D,P,0,33,0,0
D,Q,0,33,0,0
D,R,0,33,0,0
D,S,0,33,0,0
D,T,0,33,0,0
D,U,0,33,0,0
D,V,0,33,0,0
D,W,0,33,0,0
D,X,0,33,0,0
D,Y,0,33,0,0
D,Z,0,33,0,0
D,1,0,33,0,0
D,2,0,33,0,0
D,3,0,33,0,0
D,4,0,33,0,0
D,5,0,33,0,0
D,6,0,33,0,0
D,7,0,33,0,0
D,8,0,33,0,0
D,9,0,33,0,0
E,A,0,33,0,0
E,B,0,33,0,0
E,C,0,33,0,0
E,D,0,33,0,0
E,E,31,33,0.9393939394,93.93939394
E,F,0,33,0,0
E,G,1,33,0.0303030303,3.03030303
E,H,0,33,0,0
E,I,0,33,0,0
E,J,0,33,0,0
E,K,0,33,0,0
E,L,0,33,0,0
E,M,0,33,0,0
E,N,0,33,0,0
E,O,0,33,0,0
E,P,0,33,0,0
E,Q,0,33,0,0
E,R,1,33,0.0303030303,3.03030303
E,S,0,33,0,0
E,T,0,33,0,0
E,U,0,33,0,0
E,V,0,33,0,0
E,W,0,33,0,0
E,X,0,33,0,0
E,Y,0,33,0,0
E,Z,0,33,0,0
E,1,0,33,0,0
E,2,0,33,0,0
E,3,0,33,0,0
E,4,0,33,0,0
E,5,0,33,0,0
E,6,0,33,0,0
E,7,0,33,0,0
E,8,0,33,0,0
E,9,0,33,0,0
F,A,0,33,0,0
F,B,0,33,0,0
F,C,0,33,0,0
F,D,0,33,0,0
F,E,0,33,0,0
F,F,32,33,0.9696969697,96.96969697
F,G,0,33,0,0
F,H,0,33,0,0
F,I,0,33,0,0
F,J,0,33,0,0
F,K,0,33,0,0
F,L,0,33,0,0
F,M,0,33,0,0
F,N,0,33,0,0
F,O,0,33,0,0
F,P,1,33,0.0303030303,3.03030303
F,Q,0,33,0,0
F,R,0,33,0,0
F,S,0,33,0,0
F,T,0,33,0,0
F,U,0,33,0,0
F,V,0,33,0,0
F,W,0,33,0,0
F,X,0,33,0,0
F,Y,0,33,0,0
F,Z,0,33,0,0
F,1,0,33,0,0
F,2,0,33,0,0
F,3,0,33,0,0
F,4,0,33,0,0
F,5,0,33,0,0
F,6,0,33,0,0
F,7,0,33,0,0
F,8,0,33,0,0
F,9,0,33,0,0
G,A,0,33,0,0
G,B,0,33,0,0
G,C,0,33,0,0
G,D,0,33,0,0
G,E,0,33,0,0
G,F,0,33,0,0
G,G,30,33,0.9090909091,90.90909091
G,H,0,33,0,0
G,I,0,33,0,0
G,J,0,33,0,0
G,K,0,33,0,0
G,L,0,33,0,0
G,M,0,33,0,0
G,N,0,33,0,0
G,O,0,33,0,0
G,P,0,33,0,0
G,Q,0,33,0,0
G,R,0,33,0,0
G,S,0,33,0,0
G,T,0,33,0,0
G,U,0,33,0,0
G,V,0,33,0,0
G,W,0,33,0,0
G,X,0,33,0,0
G,Y,0,33,0,0
G,Z,0,33,0,0
G,1,0,33,0,0
G,2,0,33,0,0
G,3,0,33,0,0
G,4,0,33,0,0
G,5,0,33,0,0
G,6,2,33,0.06060606061,6.060606061
G,7,0,33,0,0
G,8,1,33,0.0303030303,3.03030303
G,9,0,33,0,0
H,A,0,33,0,0
H,B,0,33,0,0
H,C,0,33,0,0
H,D,0,33,0,0
H,E,0,33,0,0
H,F,0,33,0,0
H,G,0,33,0,0
H,H,30,33,0.9090909091,90.90909091
H,I,0,33,0,0
H,J,0,33,0,0
H,K,0,33,0,0
H,L,0,33,0,0
H,M,0,33,0,0
H,N,0,33,0,0
H,O,0,33,0,0
H,P,0,33,0,0
H,Q,0,33,0,0
H,R,1,33,0.0303030303,3.03030303
H,S,0,33,0,0
H,T,0,33,0,0
H,U,1,33,0.0303030303,3.03030303
H,V,0,33,0,0
H,W,0,33,0,0
H,X,0,33,0,0
H,Y,0,33,0,0
H,Z,0,33,0,0
H,1,0,33,0,0
H,2,0,33,0,0
H,3,0,33,0,0
H,4,1,33,0.0303030303,3.03030303
H,5,0,33,0,0
H,6,0,33,0,0
H,7,0,33,0,0
H,8,0,33,0,0
H,9,0,33,0,0
I,A,0,33,0,0
I,B,0,33,0,0
I,C,0,33,0,0
I,D,0,33,0,0
I,E,0,33,0,0
I,F,0,33,0,0
I,G,0,33,0,0
I,H,0,33,0,0
I,I,31,33,0.9393939394,93.93939394
I,J,0,33,0,0
I,K,0,33,0,0
I,L,0,33,0,0
I,M,0,33,0,0
I,N,0,33,0,0
I,O,0,33,0,0
I,P,0,33,0,0
I,Q,0,33,0,0
I,R,0,33,0,0
I,S,0,33,0,0
I,T,0,33,0,0
I,U,0,33,0,0
I,V,0,33,0,0
I,W,0,33,0,0
I,X,0,33,0,0
I,Y,0,33,0,0
I,Z,0,33,0,0
I,1,1,33,0.0303030303,3.03030303
I,2,1,33,0.0303030303,3.03030303
I,3,0,33,0,0
I,4,0,33,0,0
I,5,0,33,0,0
I,6,0,33,0,0
I,7,0,33,0,0
I,8,0,33,0,0
I,9,0,33,0,0
J,A,0,33,0,0
J,B,0,33,0,0
J,C,0,33,0,0
J,D,0,33,0,0
J,E,0,33,0,0
J,F,0,33,0,0
J,G,1,33,0.0303030303,3.03030303
J,H,0,33,0,0
J,I,0,33,0,0
J,J,32,33,0.9696969697,96.96969697
J,K,0,33,0,0
J,L,0,33,0,0
J,M,0,33,0,0
J,N,0,33,0,0
J,O,0,33,0,0
J,P,0,33,0,0
J,Q,0,33,0,0
J,R,0,33,0,0
J,S,0,33,0,0
J,T,0,33,0,0
J,U,0,33,0,0
J,V,0,33,0,0
J,W,0,33,0,0
J,X,0,33,0,0
J,Y,0,33,0,0
J,Z,0,33,0,0
J,1,0,33,0,0
J,2,0,33,0,0
J,3,0,33,0,0
J,4,0,33,0,0
J,5,0,33,0,0
J,6,0,33,0,0
J,7,0,33,0,0
J,8,0,33,0,0
J,9,0,33,0,0
K,A,0,33,0,0
K,B,0,33,0,0
K,C,0,33,0,0
K,D,0,33,0,0
K,E,0,33,0,0
K,F,0,33,0,0
K,G,0,33,0,0
K,H,0,33,0,0
K,I,0,33,0,0
K,J,0,33,0,0
K,K,32,33,0.9696969697,96.96969697
K,L,0,33,0,0
K,M,0,33,0,0
K,N,0,33,0,0
K,O,0,33,0,0
K,P,0,33,0,0
K,Q,0,33,0,0
K,R,0,33,0,0
K,S,0,33,0,0
K,T,0,33,0,0
K,U,0,33,0,0
K,V,0,33,0,0
K,W,0,33,0,0
K,X,0,33,0,0
K,Y,0,33,0,0
K,Z,0,33,0,0
K,1,0,33,0,0
K,2,0,33,0,0
K,3,0,33,0,0
K,4,1,33,0.0303030303,3.03030303
K,5,0,33,0,0
K,6,0,33,0,0
K,7,0,33,0,0
K,8,0,33,0,0
K,9,0,33,0,0
L,A,0,33,0,0
L,B,0,33,0,0
L,C,0,33,0,0
L,D,0,33,0,0
L,E,0,33,0,0
L,F,0,33,0,0
L,G,0,33,0,0
L,H,0,33,0,0
L,I,0,33,0,0
L,J,0,33,0,0
L,K,0,33,0,0
L,L,31,33,0.9393939394,93.93939394
L,M,0,33,0,0
L,N,0,33,0,0
L,O,0,33,0,0
L,P,0,33,0,0
L,Q,0,33,0,0
L,R,0,33,0,0
L,S,0,33,0,0
L,T,0,33,0,0
L,U,0,33,0,0
L,V,0,33,0,0
L,W,0,33,0,0
L,X,0,33,0,0
L,Y,0,33,0,0
L,Z,0,33,0,0
L,1,0,33,0,0
L,2,0,33,0,0
L,3,0,33,0,0
L,4,0,33,0,0
L,5,0,33,0,0
L,6,2,33,0.06060606061,6.060606061
L,7,0,33,0,0
L,8,0,33,0,0
L,9,0,33,0,0
M,A,1,33,0.0303030303,3.03030303
M,B,0,33,0,0
M,C,0,33,0,0
M,D,0,33,0,0
M,E,0,33,0,0
M,F,0,33,0,0
M,G,0,33,0,0
M,H,1,33,0.0303030303,3.03030303
M,I,0,33,0,0
M,J,0,33,0,0
M,K,0,33,0,0
M,L,0,33,0,0
M,M,27,33,0.8181818182,81.81818182
M,N,1,33,0.0303030303,3.03030303
M,O,0,33,0,0
M,P,0,33,0,0
M,Q,0,33,0,0
M,R,0,33,0,0
M,S,0,33,0,0
M,T,0,33,0,0
M,U,3,33,0.09090909091,9.090909091
M,V,0,33,0,0
M,W,0,33,0,0
M,X,0,33,0,0
M,Y,0,33,0,0
M,Z,0,33,0,0
M,1,0,33,0,0
M,2,0,33,0,0
M,3,0,33,0,0
M,4,0,33,0,0
M,5,0,33,0,0
M,6,0,33,0,0
M,7,0,33,0,0
M,8,0,33,0,0
M,9,0,33,0,0
N,A,1,33,0.0303030303,3.03030303
N,B,0,33,0,0
N,C,0,33,0,0
N,D,0,33,0,0
N,E,0,33,0,0
N,F,0,33,0,0
N,G,0,33,0,0
N,H,0,33,0,0
N,I,0,33,0,0
N,J,0,33,0,0
N,K,0,33,0,0
N,L,0,33,0,0
N,M,3,33,0.09090909091,9.090909091
N,N,26,33,0.7878787879,78.78787879
N,O,0,33,0,0
N,P,0,33,0,0
N,Q,0,33,0,0
N,R,0,33,0,0
N,S,0,33,0,0
N,T,0,33,0,0
N,U,0,33,0,0
N,V,1,33,0.0303030303,3.03030303
N,W,1,33,0.0303030303,3.03030303
N,X,0,33,0,0
N,Y,0,33,0,0
N,Z,0,33,0,0
N,1,0,33,0,0
N,2,0,33,0,0
N,3,0,33,0,0
N,4,0,33,0,0
N,5,0,33,0,0
N,6,0,33,0,0
N,7,0,33,0,0
N,8,0,33,0,0
N,9,1,33,0.0303030303,3.03030303
O,A,0,33,0,0
O,B,0,33,0,0
O,C,0,33,0,0
O,D,0,33,0,0
O,E,0,33,0,0
O,F,0,33,0,0
O,G,0,33,0,0
O,H,0,33,0,0
O,I,0,33,0,0
O,J,0,33,0,0
O,K,0,33,0,0
O,L,0,33,0,0
O,M,0,33,0,0
O,N,0,33,0,0
O,O,31,33,0.9393939394,93.93939394
O,P,0,33,0,0
O,Q,0,33,0,0
O,R,0,33,0,0
O,S,0,33,0,0
O,T,0,33,0,0
O,U,1,33,0.0303030303,3.03030303
O,V,0,33,0,0
O,W,0,33,0,0
O,X,0,33,0,0
O,Y,0,33,0,0
O,Z,0,33,0,0
O,1,0,33,0,0
O,2,0,33,0,0
O,3,0,33,0,0
O,4,0,33,0,0
O,5,0,33,0,0
O,6,1,33,0.0303030303,3.03030303
O,7,0,33,0,0
O,8,0,33,0,0
O,9,0,33,0,0
P,A,0,33,0,0
P,B,0,33,0,0
P,C,0,33,0,0
P,D,1,33,0.0303030303,3.03030303
P,E,0,33,0,0
P,F,1,33,0.0303030303,3.03030303
P,G,0,33,0,0
P,H,0,33,0,0
P,I,0,33,0,0
P,J,0,33,0,0
P,K,0,33,0,0
P,L,0,33,0,0
P,M,0,33,0,0
P,N,0,33,0,0
P,O,0,33,0,0
P,P,31,33,0.9393939394,93.93939394
P,Q,0,33,0,0
P,R,0,33,0,0
P,S,0,33,0,0
P,T,0,33,0,0
P,U,0,33,0,0
P,V,0,33,0,0
P,W,0,33,0,0
P,X,0,33,0,0
P,Y,0,33,0,0
P,Z,0,33,0,0
P,1,0,33,0,0
P,2,0,33,0,0
P,3,0,33,0,0
P,4,0,33,0,0
P,5,0,33,0,0
P,6,0,33,0,0
P,7,0,33,0,0
P,8,0,33,0,0
P,9,0,33,0,0
Q,A,0,33,0,0
Q,B,0,33,0,0
Q,C,0,33,0,0
Q,D,0,33,0,0
Q,E,0,33,0,0
Q,F,0,33,0,0
Q,G,0,33,0,0
Q,H,0,33,0,0
Q,I,0,33,0,0
Q,J,0,33,0,0
Q,K,1,33,0.0303030303,3.03030303
Q,L,0,33,0,0
Q,M,1,33,0.0303030303,3.03030303
Q,N,0,33,0,0
Q,O,0,33,0,0
Q,P,0,33,0,0
Q,Q,31,33,0.9393939394,93.93939394
Q,R,0,33,0,0
Q,S,0,33,0,0
Q,T,0,33,0,0
Q,U,0,33,0,0
Q,V,0,33,0,0
Q,W,0,33,0,0
Q,X,0,33,0,0
Q,Y,0,33,0,0
Q,Z,0,33,0,0
Q,1,0,33,0,0
Q,2,0,33,0,0
Q,3,0,33,0,0
Q,4,0,33,0,0
Q,5,0,33,0,0
Q,6,0,33,0,0
Q,7,0,33,0,0
Q,8,0,33,0,0
Q,9,0,33,0,0
R,A,0,33,0,0
R,B,0,33,0,0
R,C,0,33,0,0
R,D,0,33,0,0
R,E,0,33,0,0
R,F,0,33,0,0
R,G,0,33,0,0
R,H,0,33,0,0
R,I,0,33,0,0
R,J,0,33,0,0
R,K,2,33,0.06060606061,6.060606061
R,L,0,33,0,0
R,M,0,33,0,0
R,N,0,33,0,0
R,O,0,33,0,0
R,P,0,33,0,0
R,Q,0,33,0,0
R,R,31,33,0.9393939394,93.93939394
R,S,0,33,0,0
R,T,0,33,0,0
R,U,0,33,0,0
R,V,0,33,0,0
R,W,0,33,0,0
R,X,0,33,0,0
R,Y,0,33,0,0
R,Z,0,33,0,0
R,1,0,33,0,0
R,2,0,33,0,0
R,3,0,33,0,0
R,4,0,33,0,0
R,5,0,33,0,0
R,6,0,33,0,0
R,7,0,33,0,0
R,8,0,33,0,0
R,9,0,33,0,0
S,A,0,33,0,0
S,B,0,33,0,0
S,C,0,33,0,0
S,D,0,33,0,0
S,E,0,33,0,0
S,F,0,33,0,0
S,G,0,33,0,0
S,H,0,33,0,0
S,I,0,33,0,0
S,J,0,33,0,0
S,K,0,33,0,0
S,L,0,33,0,0
S,M,0,33,0,0
S,N,0,33,0,0
S,O,0,33,0,0
S,P,0,33,0,0
S,Q,0,33,0,0
S,R,0,33,0,0
S,S,32,33,0.9696969697,96.96969697
S,T,0,33,0,0
S,U,0,33,0,0
S,V,0,33,0,0
S,W,0,33,0,0
S,X,0,33,0,0
S,Y,0,33,0,0
S,Z,0,33,0,0
S,1,0,33,0,0
S,2,0,33,0,0
S,3,1,33,0.0303030303,3.03030303
S,4,0,33,0,0
S,5,0,33,0,0
S,6,0,33,0,0
S,7,0,33,0,0
S,8,0,33,0,0
S,9,0,33,0,0
T,A,0,33,0,0
T,B,0,33,0,0
T,C,0,33,0,0
T,D,0,33,0,0
T,E,0,33,0,0
T,F,0,33,0,0
T,G,0,33,0,0
T,H,0,33,0,0
T,I,0,33,0,0
T,J,0,33,0,0
T,K,0,33,0,0
T,L,0,33,0,0
T,M,0,33,0,0
T,N,0,33,0,0
T,O,0,33,0,0
T,P,0,33,0,0
T,Q,0,33,0,0
T,R,0,33,0,0
T,S,0,33,0,0
T,T,31,33,0.9393939394,93.93939394
T,U,0,33,0,0
T,V,0,33,0,0
T,W,0,33,0,0
T,X,0,33,0,0
T,Y,0,33,0,0
T,Z,0,33,0,0
T,1,0,33,0,0
T,2,0,33,0,0
T,3,0,33,0,0
T,4,0,33,0,0
T,5,0,33,0,0
T,6,0,33,0,0
T,7,1,33,0.0303030303,3.03030303
T,8,0,33,0,0
T,9,1,33,0.0303030303,3.03030303
U,A,1,33,0.0303030303,3.03030303
U,B,0,33,0,0
U,C,0,33,0,0
U,D,0,33,0,0
U,E,0,33,0,0
U,F,0,33,0,0
U,G,0,33,0,0
U,H,1,33,0.0303030303,3.03030303
U,I,0,33,0,0
U,J,0,33,0,0
U,K,0,33,0,0
U,L,0,33,0,0
U,M,0,33,0,0
U,N,0,33,0,0
U,O,0,33,0,0
U,P,0,33,0,0
U,Q,0,33,0,0
U,R,0,33,0,0
U,S,0,33,0,0
U,T,0,33,0,0
U,U,31,33,0.9393939394,93.93939394
U,V,0,33,0,0
U,W,0,33,0,0
U,X,0,33,0,0
U,Y,0,33,0,0
U,Z,0,33,0,0
U,1,0,33,0,0
U,2,0,33,0,0
U,3,0,33,0,0
U,4,0,33,0,0
U,5,0,33,0,0
U,6,0,33,0,0
U,7,0,33,0,0
U,8,0,33,0,0
U,9,0,33,0,0
V,A,0,33,0,0
V,B,0,33,0,0
V,C,0,33,0,0
V,D,0,33,0,0
V,E,0,33,0,0
V,F,0,33,0,0
V,G,0,33,0,0
V,H,0,33,0,0
V,I,0,33,0,0
V,J,0,33,0,0
V,K,0,33,0,0
V,L,0,33,0,0
V,M,0,33,0,0
V,N,0,33,0,0
V,O,0,33,0,0
V,P,1,33,0.0303030303,3.03030303
V,Q,0,33,0,0
V,R,0,33,0,0
V,S,0,33,0,0
V,T,0,33,0,0
V,U,0,33,0,0
V,V,29,33,0.8787878788,87.87878788
V,W,1,33,0.0303030303,3.03030303
V,X,0,33,0,0
V,Y,2,33,0.06060606061,6.060606061
V,Z,0,33,0,0
V,1,0,33,0,0
V,2,0,33,0,0
V,3,0,33,0,0
V,4,0,33,0,0
V,5,0,33,0,0
V,6,0,33,0,0
V,7,0,33,0,0
V,8,0,33,0,0
V,9,0,33,0,0
W,A,0,33,0,0
W,B,0,33,0,0
W,C,0,33,0,0
W,D,0,33,0,0
W,E,0,33,0,0
W,F,0,33,0,0
W,G,0,33,0,0
W,H,0,33,0,0
W,I,0,33,0,0
W,J,0,33,0,0
W,K,0,33,0,0
W,L,0,33,0,0
W,M,0,33,0,0
W,N,2,33,0.06060606061,6.060606061
W,O,1,33,0.0303030303,3.03030303
W,P,0,33,0,0
W,Q,0,33,0,0
W,R,0,33,0,0
W,S,0,33,0,0
W,T,0,33,0,0
W,U,2,33,0.06060606061,6.060606061
W,V,0,33,0,0
W,W,27,33,0.8181818182,81.81818182
W,X,1,33,0.0303030303,3.03030303
W,Y,0,33,0,0
W,Z,0,33,0,0
W,1,0,33,0,0
W,2,0,33,0,0
W,3,0,33,0,0
W,4,0,33,0,0
W,5,0,33,0,0
W,6,0,33,0,0
W,7,0,33,0,0
W,8,0,33,0,0
W,9,0,33,0,0
X,A,0,33,0,0
X,B,0,33,0,0
X,C,0,33,0,0
X,D,1,33,0.0303030303,3.03030303
X,E,0,33,0,0
X,F,0,33,0,0
X,G,0,33,0,0
X,H,0,33,0,0
X,I,0,33,0,0
X,J,0,33,0,0
X,K,0,33,0,0
X,L,0,33,0,0
X,M,0,33,0,0
X,N,0,33,0,0
X,O,0,33,0,0
X,P,0,33,0,0
X,Q,0,33,0,0
X,R,0,33,0,0
X,S,0,33,0,0
X,T,0,33,0,0
X,U,0,33,0,0
X,V,0,33,0,0
X,W,0,33,0,0
X,X,31,33,0.9393939394,93.93939394
X,Y,0,33,0,0
X,Z,0,33,0,0
X,1,1,33,0.0303030303,3.03030303
X,2,0,33,0,0
X,3,0,33,0,0
X,4,0,33,0,0
X,5,0,33,0,0
X,6,0,33,0,0
X,7,0,33,0,0
X,8,0,33,0,0
X,9,0,33,0,0
Y,A,0,33,0,0
Y,B,0,33,0,0
Y,C,0,33,0,0
Y,D,0,33,0,0
Y,E,0,33,0,0
Y,F,0,33,0,0
Y,G,0,33,0,0
Y,H,0,33,0,0
Y,I,0,33,0,0
Y,J,0,33,0,0
Y,K,0,33,0,0
Y,L,0,33,0,0
Y,M,0,33,0,0
Y,N,0,33,0,0
Y,O,0,33,0,0
Y,P,0,33,0,0
Y,Q,0,33,0,0
Y,R,0,33,0,0
Y,S,0,33,0,0
Y,T,0,33,0,0
Y,U,0,33,0,0
Y,V,0,33,0,0
Y,W,0,33,0,0
Y,X,0,33,0,0
Y,Y,33,33,1,100
Y,Z,0,33,0,0
Y,1,0,33,0,0
Y,2,0,33,0,0
Y,3,0,33,0,0
Y,4,0,33,0,0
Y,5,0,33,0,0
Y,6,0,33,0,0
Y,7,0,33,0,0
Y,8,0,33,0,0
Y,9,0,33,0,0
Z,A,0,33,0,0
Z,B,0,33,0,0
Z,C,0,33,0,0
Z,D,0,33,0,0
Z,E,0,33,0,0
Z,F,1,33,0.0303030303,3.03030303
Z,G,0,33,0,0
Z,H,0,33,0,0
Z,I,0,33,0,0
Z,J,0,33,0,0
Z,K,0,33,0,0
Z,L,0,33,0,0
Z,M,0,33,0,0
Z,N,0,33,0,0
Z,O,1,33,0.0303030303,3.03030303
Z,P,0,33,0,0
Z,Q,0,33,0,0
Z,R,0,33,0,0
Z,S,0,33,0,0
Z,T,0,33,0,0
Z,U,0,33,0,0
Z,V,0,33,0,0
Z,W,0,33,0,0
Z,X,0,33,0,0
Z,Y,0,33,0,0
Z,Z,30,33,0.9090909091,90.90909091
Z,1,0,33,0,0
Z,2,1,33,0.0303030303,3.03030303
Z,3,0,33,0,0
Z,4,0,33,0,0
Z,5,0,33,0,0
Z,6,0,33,0,0
Z,7,0,33,0,0
Z,8,0,33,0,0
Z,9,0,33,0,0
1,A,0,33,0,0
1,B,0,33,0,0
1,C,0,33,0,0
1,D,0,33,0,0
1,E,0,33,0,0
1,F,0,33,0,0
1,G,0,33,0,0
1,H,0,33,0,0
1,I,3,33,0.09090909091,9.090909091
1,J,0,33,0,0
1,K,0,33,0,0
1,L,1,33,0.0303030303,3.03030303
1,M,0,33,0,0
1,N,0,33,0,0
1,O,0,33,0,0
1,P,0,33,0,0
1,Q,0,33,0,0
1,R,0,33,0,0
1,S,0,33,0,0
1,T,1,33,0.0303030303,3.03030303
1,U,0,33,0,0
1,V,0,33,0,0
1,W,0,33,0,0
1,X,0,33,0,0
1,Y,0,33,0,0
1,Z,0,33,0,0
1,1,28,33,0.8484848485,84.84848485
1,2,0,33,0,0
1,3,0,33,0,0
1,4,0,33,0,0
1,5,0,33,0,0
1,6,0,33,0,0
1,7,0,33,0,0
1,8,0,33,0,0
1,9,0,33,0,0
2,A,0,33,0,0
2,B,0,33,0,0
2,C,0,33,0,0
2,D,0,33,0,0
2,E,0,33,0,0
2,F,0,33,0,0
2,G,0,33,0,0
2,H,0,33,0,0
2,I,2,33,0.06060606061,6.060606061
2,J,0,33,0,0
2,K,0,33,0,0
2,L,0,33,0,0
2,M,0,33,0,0
2,N,0,33,0,0
2,O,0,33,0,0
2,P,0,33,0,0
2,Q,0,33,0,0
2,R,0,33,0,0
2,S,0,33,0,0
2,T,0,33,0,0
2,U,0,33,0,0
2,V,0,33,0,0
2,W,0,33,0,0
2,X,0,33,0,0
2,Y,0,33,0,0
2,Z,0,33,0,0
2,1,0,33,0,0
2,2,30,33,0.9090909091,90.90909091
2,3,1,33,0.0303030303,3.03030303
2,4,0,33,0,0
2,5,0,33,0,0
2,6,0,33,0,0
2,7,0,33,0,0
2,8,0,33,0,0
2,9,0,33,0,0
3,A,0,33,0,0
3,B,0,33,0,0
3,C,0,33,0,0
3,D,0,33,0,0
3,E,0,33,0,0
3,F,0,33,0,0
3,G,0,33,0,0
3,H,0,33,0,0
3,I,0,33,0,0
3,J,0,33,0,0
3,K,0,33,0,0
3,L,0,33,0,0
3,M,0,33,0,0
3,N,0,33,0,0
3,O,0,33,0,0
3,P,0,33,0,0
3,Q,0,33,0,0
3,R,0,33,0,0
3,S,0,33,0,0
3,T,0,33,0,0
3,U,0,33,0,0
3,V,0,33,0,0
3,W,0,33,0,0
3,X,1,33,0.0303030303,3.03030303
3,Y,0,33,0,0
3,Z,0,33,0,0
3,1,0,33,0,0
3,2,0,33,0,0
3,3,31,33,0.9393939394,93.93939394
3,4,0,33,0,0
3,5,0,33,0,0
3,6,1,33,0.0303030303,3.03030303
3,7,0,33,0,0
3,8,0,33,0,0
3,9,0,33,0,0
4,A,0,33,0,0
4,B,0,33,0,0
4,C,0,33,0,0
4,D,0,33,0,0
4,E,0,33,0,0
4,F,0,33,0,0
4,G,1,33,0.0303030303,3.03030303
4,H,1,33,0.0303030303,3.03030303
4,I,0,33,0,0
4,J,0,33,0,0
4,K,0,33,0,0
4,L,0,33,0,0
4,M,0,33,0,0
4,N,0,33,0,0
4,O,0,33,0,0
4,P,0,33,0,0
4,Q,0,33,0,0
4,R,0,33,0,0
4,S,0,33,0,0
4,T,0,33,0,0
4,U,0,33,0,0
4,V,0,33,0,0
4,W,0,33,0,0
4,X,0,33,0,0
4,Y,0,33,0,0
4,Z,1,33,0.0303030303,3.03030303
4,1,0,33,0,0
4,2,0,33,0,0
4,3,0,33,0,0
4,4,30,33,0.9090909091,90.90909091
4,5,0,33,0,0
4,6,0,33,0,0
4,7,0,33,0,0
4,8,0,33,0,0
4,9,0,33,0,0
5,A,0,33,0,0
5,B,0,33,0,0
5,C,0,33,0,0
5,D,0,33,0,0
5,E,0,33,0,0
5,F,0,33,0,0
5,G,0,33,0,0
5,H,0,33,0,0
5,I,0,33,0,0
5,J,0,33,0,0
5,K,0,33,0,0
5,L,0,33,0,0
5,M,0,33,0,0
5,N,0,33,0,0
5,O,0,33,0,0
5,P,0,33,0,0
5,Q,0,33,0,0
5,R,0,33,0,0
5,S,0,33,0,0
5,T,0,33,0,0
5,U,0,33,0,0
5,V,0,33,0,0
5,W,0,33,0,0
5,X,0,33,0,0
5,Y,0,33,0,0
5,Z,0,33,0,0
5,1,0,33,0,0
5,2,0,33,0,0
5,3,0,33,0,0
5,4,0,33,0,0
5,5,31,33,0.9393939394,93.93939394
5,6,1,33,0.0303030303,3.03030303
5,7,0,33,0,0
5,8,0,33,0,0
5,9,1,33,0.0303030303,3.03030303
6,A,0,33,0,0
6,B,0,33,0,0
6,C,0,33,0,0
6,D,0,33,0,0
6,E,0,33,0,0
6,F,0,33,0,0
6,G,0,33,0,0
6,H,0,33,0,0
6,I,0,33,0,0
6,J,0,33,0,0
6,K,0,33,0,0
6,L,0,33,0,0
6,M,0,33,0,0
6,N,0,33,0,0
6,O,0,33,0,0
6,P,0,33,0,0
6,Q,0,33,0,0
6,R,0,33,0,0
6,S,1,33,0.0303030303,3.03030303
6,T,0,33,0,0
6,U,0,33,0,0
6,V,0,33,0,0
6,W,0,33,0,0
6,X,0,33,0,0
6,Y,0,33,0,0
6,Z,0,33,0,0
6,1,0,33,0,0
6,2,0,33,0,0
6,3,0,33,0,0
6,4,0,33,0,0
6,5,0,33,0,0
6,6,31,33,0.9393939394,93.93939394
6,7,0,33,0,0
6,8,1,33,0.0303030303,3.03030303
6,9,0,33,0,0
7,A,0,33,0,0
7,B,0,33,0,0
7,C,0,33,0,0
7,D,0,33,0,0
7,E,0,33,0,0
7,F,0,33,0,0
7,G,0,33,0,0
7,H,0,33,0,0
7,I,0,33,0,0
7,J,0,33,0,0
7,K,0,33,0,0
7,L,0,33,0,0
7,M,0,33,0,0
7,N,0,33,0,0
7,O,1,33,0.0303030303,3.03030303
7,P,0,33,0,0
7,Q,0,33,0,0
7,R,0,33,0,0
7,S,0,33,0,0
7,T,1,33,0.0303030303,3.03030303
7,U,0,33,0,0
7,V,0,33,0,0
7,W,0,33,0,0
7,X,0,33,0,0
7,Y,0,33,0,0
7,Z,0,33,0,0
7,1,0,33,0,0
7,2,0,33,0,0
7,3,0,33,0,0
7,4,1,33,0.0303030303,3.03030303
7,5,0,33,0,0
7,6,0,33,0,0
7,7,30,33,0.9090909091,90.90909091
7,8,0,33,0,0
7,9,0,33,0,0
8,A,0,33,0,0
8,B,0,33,0,0
8,C,0,33,0,0
8,D,0,33,0,0
8,E,0,33,0,0
8,F,0,33,0,0
8,G,1,33,0.0303030303,3.03030303
8,H,0,33,0,0
8,I,0,33,0,0
8,J,0,33,0,0
8,K,0,33,0,0
8,L,0,33,0,0
8,M,0,33,0,0
8,N,0,33,0,0
8,O,0,33,0,0
8,P,0,33,0,0
8,Q,0,33,0,0
8,R,0,33,0,0
8,S,0,33,0,0
8,T,0,33,0,0
8,U,0,33,0,0
8,V,0,33,0,0
8,W,0,33,0,0
8,X,0,33,0,0
8,Y,0,33,0,0
8,Z,0,33,0,0
8,1,0,33,0,0
8,2,0,33,0,0
8,3,0,33,0,0
8,4,0,33,0,0
8,5,0,33,0,0
8,6,1,33,0.0303030303,3.03030303
8,7,0,33,0,0
8,8,31,33,0.9393939394,93.93939394
8,9,0,33,0,0
9,A,0,33,0,0
9,B,0,33,0,0
9,C,0,33,0,0
9,D,0,33,0,0
9,E,0,33,0,0
9,F,0,33,0,0
9,G,0,33,0,0
9,H,0,33,0,0
9,I,0,33,0,0
9,J,0,33,0,0
9,K,0,33,0,0
9,L,0,33,0,0
9,M,0,33,0,0
9,N,0,33,0,0
9,O,0,33,0,0
9,P,0,33,0,0
9,Q,0,33,0,0
9,R,0,33,0,0
9,S,0,33,0,0
9,T,0,33,0,0
9,U,0,33,0,0
9,V,0,33,0,0
9,W,1,33,0.0303030303,3.03030303
9,X,0,33,0,0
9,Y,0,33,0,0
9,Z,0,33,0,0
9,1,0,33,0,0
9,2,0,33,0,0
9,3,0,33,0,0
9,4,0,33,0,0
9,5,0,33,0,0
9,6,0,33,0,0
9,7,0,33,0,0
9,8,0,33,0,0
9,9,32,33,0.9696969697,96.96969697
