epoch,train_loss,train_accuracy,val_loss,val_accuracy,learning_rate,train_samples_per_second,val_samples_per_second,peak_memory_gb
1,3.506451110273655,0.05918367346938776,3.396190137987013,0.08831168831168831,0.0005,452.4462478980159,251.73105116327747,7.596882343292236
2,3.133287917439703,0.13710575139146566,2.836995231331169,0.21385281385281385,0.0014,2493.8724353302578,1349.2586214755381,2.4020285606384277
3,2.7062987375347864,0.22949907235621522,2.454387344426407,0.3194805194805195,0.0023,2582.3820516365786,1342.0340599842134,2.4020285606384277
4,2.4087542758580707,0.32170686456400743,2.2562582437094156,0.3645021645021645,0.0031999999999999997,2608.1530005848354,1340.8226544179968,2.4020285606384277
5,2.5068471706864566,0.30166975881261593,2.2381573829816017,0.3437229437229437,0.0040999999999999995,2412.4739551267576,1318.4756538924642,2.4020285606384277
6,2.2570971996753246,0.3443413729128015,2.1670169186282466,0.3645021645021645,0.005,2538.6924150708687,1345.8184822074497,2.4020285606384277
7,2.0661730707908164,0.3974025974025974,1.7415881400500541,0.46060606060606063,0.004998635877065611,2433.3033572381464,1334.4906600144436,2.4020285606384277
8,1.622280844155844,0.5007421150278293,1.4829749433509198,0.529004329004329,0.0049945449999108426,2571.0840908969344,1341.566663900249,2.4020285606384277
9,1.3044613868274582,0.6059369202226345,1.185074129971591,0.6320346320346321,0.004987731841849804,2468.3510635051034,1329.650350488876,2.4020285606384277
10,1.0641472018494897,0.6749536178107607,1.075341374120671,0.6632034632034632,0.004978203852970803,2554.373794560708,1438.4177251312706,2.4020285606384277
11,0.9039908612592764,0.7222634508348794,0.8333238742052219,0.7307359307359307,0.004965971451989792,2697.88259423667,1375.9378876556257,2.4020285606384277
12,0.780890990984462,0.7558441558441559,0.7726097470238096,0.7627705627705628,0.004951048014857649,2591.0362409989752,1411.6803924459628,2.4020285606384277
13,0.684480990549629,0.7892393320964749,0.6738138570413961,0.787012987012987,0.0049334498601337744,2504.983588201572,1272.6099836263234,2.4020285606384277
14,0.6119475808789425,0.8100185528756957,0.6343339928300866,0.812987012987013,0.004913196231141985,2530.7118950675726,1363.4694910862074,2.4020285606384277
15,0.6028401843692023,0.8092764378478664,0.5651937905844155,0.8277056277056277,0.004890309274928222,2570.8171625393948,1388.8722845182522,2.4020285606384277
16,0.5453158971330009,0.8339517625231911,0.5279602843445617,0.8424242424242424,0.004864814018043084,2474.068513300673,1418.6470868022648,2.4020285606384277
17,0.493355706096359,0.8473098330241188,0.49469622987689393,0.8528138528138528,0.004836738339175656,2493.624684156529,1356.4475426819936,2.4020285606384277
18,0.4774895096532931,0.8452690166975881,0.46388885365936144,0.8623376623376623,0.0048061129386685756,2534.9650974027422,1335.6731070535766,2.4020285606384277
19,0.40963938753768553,0.8701298701298701,0.43898111979166665,0.8692640692640693,0.004772971304947661,2497.309489306222,1337.6917967250058,2.4020285606384277
20,0.4007664837952226,0.872356215213358,0.45869848738501084,0.8493506493506493,0.004737349677902805,2499.4070451513353,1324.9388165198827,2.4020285606384277
21,0.3528438985679499,0.8842300556586271,0.44970153544372293,0.8640692640692641,0.004699287009260191,2495.914936429625,1492.850413758399,2.4020285606384277
22,0.3419920289671266,0.8940630797773655,0.4347815839759199,0.870995670995671,0.004658824919989147,2530.6373556381027,1375.6971718768075,2.4020285606384277
23,0.3232483476345083,0.8961038961038961,0.4563799969561688,0.8640692640692641,0.004616007654790234,2665.814134284715,1353.7873840477996,2.4020285606384277
24,0.3052328530844156,0.898330241187384,0.41859881248308983,0.8718614718614719,0.004570882033714311,2520.7348049242282,1346.5488069827525,2.4020285606384277
25,0.2802792805687616,0.9077922077922078,0.36427828966281117,0.8909090909090909,0.004523497400965495,2489.3919671666563,1330.7956016482342,2.4020285606384277
26,0.2659296095924165,0.911317254174397,0.3600431367948458,0.8900432900432901,0.004473905570944003,2685.844072316157,1335.159657719379,2.4020285606384277
27,0.2347025289163961,0.9217068645640074,0.38943526362959957,0.8952380952380953,0.004422160771587864,2509.8478385638887,1344.5491928284534,2.4020285606384277
28,0.2323345233867695,0.923747680890538,0.34857743168290045,0.8891774891774892,0.0043683195850754645,2449.4482965711863,1246.05397897531,2.4020285606384277
29,0.2150469664961155,0.9274582560296846,0.3046273896188447,0.896969696969697,0.004312440885953768,2081.4562534469824,1288.239805842121,2.4020285606384277
30,0.22353205353519248,0.9256029684601114,0.32375710227272725,0.9064935064935065,0.0042545857767598595,2596.191620673818,1347.163183428747,2.4020285606384277
31,0.2216495436065051,0.924860853432282,0.363503090334145,0.8891774891774892,0.004194817521206225,2575.0595173515794,1157.0138519556133,2.4020285606384277
32,0.19710179259914193,0.9309833024118739,0.3357477361505682,0.9021645021645022,0.004133201475002801,2737.4756456566993,1314.1286545305472,2.4020285606384277
33,0.18108207971576415,0.9406307977736549,0.32415031664299243,0.9012987012987013,0.004069805014391476,1767.8199024513642,1200.565292193838,2.4020285606384277
34,0.17294301332038498,0.9441558441558442,0.3307501458502435,0.896969696969697,0.004004697462471149,1758.3192433777742,1234.6533703840505,2.4020285606384277
35,0.17088313907771915,0.9435992578849721,0.30641902246516506,0.9082251082251083,0.003937950013393946,1757.658382827583,1249.2446206718764,2.4020285606384277
36,0.16137580942355637,0.9447124304267162,0.2820490585261093,0.9142857142857143,0.0038696356545154576,1729.3998040882186,1234.621304904087,2.4020285606384277
37,0.15841647627623492,0.9452690166975881,0.2870092086461715,0.9125541125541126,0.0037998290865841338,1723.9948861543646,1201.7104112766278,2.4020285606384277
38,0.1548148811637581,0.9482374768089054,0.29342564174107144,0.9090909090909091,0.003728606642057119,1751.369209717573,1250.0324023183002,2.4020285606384277
39,0.14426571876087083,0.9523191094619666,0.297979736328125,0.9125541125541126,0.0036560462016318276,1712.1622965206711,1252.131566419285,2.4020285606384277
40,0.13442143880812268,0.9576994434137291,0.2568313928909632,0.929004329004329,0.0035822271090845408,1677.679424571052,1302.3713210450255,2.4020285606384277
41,0.12805461140422078,0.9567717996289424,0.3249811081659226,0.9038961038961039,0.00350723008450916,1652.1783404560217,1328.590890992632,2.4020285606384277
42,0.11341262845692254,0.963821892393321,0.284303026075487,0.9203463203463204,0.0034311371360509616,1657.2703914158237,1308.383722183575,2.4020285606384277
43,0.10631738779496173,0.9623376623376624,0.28105608787371483,0.9246753246753247,0.0033540314702319002,1644.4242027148675,1338.7100094848713,2.4020285606384277
44,0.09745756301455241,0.9671614100185528,0.26079545454545455,0.9246753246753247,0.0032759974009654953,1633.9423282602763,1347.4474561556358,2.4020285606384277
45,0.09411517481193472,0.9692022263450835,0.2514981356534091,0.9341991341991343,0.003197120257360804,1642.6560625548912,1204.8249698289503,2.4020285606384277
46,0.10126221609027133,0.9664192949907235,0.27536560322815207,0.922943722943723,0.0031174862904162952,1637.6353292229476,1187.907898090856,2.4020285606384277
47,0.09746120927064007,0.9667903525046382,0.24704354686654492,0.929004329004329,0.0030371825787056505,1662.0633673140526,1254.89450005182,2.4020285606384277
48,0.09007054826103027,0.9677179962894249,0.2766128077651515,0.9238095238095239,0.0029562969331586152,1654.5340988727548,1294.6934180641504,2.4020285606384277
49,0.08781065648915816,0.9671614100185528,0.26860660701603084,0.9281385281385282,0.0028749178010410467,1697.4354786575832,1234.8629825743549,2.4020285606384277
50,0.08425358646654685,0.9732838589981447,0.27244825487012986,0.9264069264069265,0.002793134169239119,1713.8298242885671,1236.9745836698935,2.4020285606384277
51,0.07671105096424223,0.9749536178107606,0.27679868755918563,0.9307359307359307,0.0027110354669534703,1674.2497178340823,1286.7222684981498,2.4020285606384277
52,0.07895325499695617,0.9697588126159554,0.2731323770630411,0.9316017316017317,0.002628711467909691,1653.3998693600427,1262.6044083353772,2.4020285606384277
53,0.05767196626963996,0.9816326530612245,0.26877597296908823,0.9324675324675324,0.0025462521921920654,1645.727542127329,1305.8724542036903,2.4020285606384277
54,0.07241302660091024,0.9768089053803339,0.2966854475277327,0.9298701298701298,0.002463747807807937,1657.9609623397746,1334.1463198093677,2.4020285606384277
55,0.0636479478598968,0.9786641929499073,0.2611790776768804,0.9298701298701298,0.002381288532090312,1733.9568527463139,1346.3881526613495,2.4020285606384277
56,0.06518602247362013,0.9795918367346939,0.26546334931344695,0.9316017316017317,0.0022989645330465324,1698.1890511064648,1294.4531028205574,2.4020285606384277
57,0.054423859831574675,0.9831168831168832,0.26744006928943453,0.929004329004329,0.0022168658307608847,1667.8634401724153,1296.4124718041126,2.4020285606384277
58,0.05447516786366535,0.9844155844155844,0.2760737695735254,0.9307359307359307,0.0021350821989589556,1662.9448464109037,1300.2325654580595,2.4020285606384277
59,0.06081207784960575,0.9808905380333952,0.2797426430177895,0.935064935064935,0.0020537030668413875,1675.911999815913,1282.0491737510747,2.4020285606384277
60,0.05211973172614216,0.9844155844155844,0.2720625972334957,0.9333333333333333,0.0019728174212943535,1655.5533452479588,1278.2651196722065,2.4020285606384277
61,0.06062571113317486,0.9795918367346939,0.25648061248647186,0.9341991341991343,0.001892513709583708,1661.6644646001585,1320.2308707696454,2.4020285606384277
62,0.048651966668236894,0.985343228200371,0.2840280243844697,0.9281385281385282,0.0018128797426391998,1676.2757771550007,1299.123288182315,2.4020285606384277
63,0.04624255858016147,0.986456400742115,0.2610179025889475,0.929004329004329,0.0017340025990345085,1674.2642753338525,1244.209994771671,2.4020285606384277
64,0.04386899590713416,0.986456400742115,0.27605083515117695,0.9272727272727272,0.001655968529768102,1681.8868989984207,1287.599237016257,2.4020285606384277
65,0.03731547905916628,0.9890538033395176,0.2567190195058847,0.935064935064935,0.0015788628639490407,1661.988577080869,1233.719620888621,2.4020285606384277
66,0.04540507470521945,0.9857142857142858,0.2689184147558171,0.9324675324675324,0.001502769915490843,1688.1144460507182,1269.6802004807753,2.4020285606384277
67,0.03841260864031337,0.9883116883116884,0.2504257136093074,0.9385281385281385,0.0014277728909154617,1633.1053622333404,1294.6398856311548,2.4020285606384277
68,0.03609322457676252,0.9918367346938776,0.2660977978727002,0.935930735930736,0.0013539537983681756,1650.5280894382836,1277.995905175882,2.4020285606384277
69,0.03577518781615985,0.9896103896103896,0.26872114701704547,0.9376623376623376,0.0012813933579428835,1667.2366533675104,1248.7578259686054,2.4020285606384277
70,0.03625900466720779,0.9883116883116884,0.24980460823356332,0.9393939393939394,0.0012101709134158692,1667.1486914646628,1233.2141015504676,2.4020285606384277
71,0.029390171595982142,0.9925788497217068,0.25261338799546806,0.941991341991342,0.0011403643454845464,1680.3723210880714,1294.787983743558,2.4020285606384277
72,0.03429741797509132,0.9888682745825603,0.25540723924512987,0.935930735930736,0.0010720499866060567,1673.863329498018,1236.6072418275712,2.4020285606384277
73,0.028930644245890827,0.9922077922077922,0.2678347632998512,0.9376623376623376,0.0010053025375288533,1672.145800356753,1259.5291372091426,2.4020285606384277
74,0.03020416429622275,0.9907235621521335,0.2776130709297213,0.9367965367965368,0.000940194985608526,1664.0938790650218,1227.9873527220357,2.4020285606384277
75,0.028902080019241362,0.9912801484230056,0.2717933027259199,0.9333333333333333,0.0008767985249971999,1662.1980082254122,1215.9043404406875,2.4020285606384277
76,0.031222817274104243,0.9905380333951762,0.2669977097284226,0.9367965367965368,0.0008151824787937773,1659.8954926506522,1262.688656734425,2.4020285606384277
77,0.028426838098076588,0.9916512059369202,0.26631287413758115,0.9376623376623376,0.0007554142232401417,1657.3782429778385,1290.3528980028861,2.4020285606384277
78,0.02867754651354505,0.9912801484230056,0.27023912570177216,0.935930735930736,0.0006975591140462338,1645.1562621177256,1230.1380723600923,2.4020285606384277
79,0.027114279327675673,0.9925788497217068,0.2601984725886093,0.9333333333333333,0.0006416804149245375,1654.6703611053815,1228.5486261090505,2.4020285606384277
80,0.029181434758740143,0.9910946196660483,0.2727776597588609,0.935064935064935,0.000587839228412137,1671.8381487626505,1311.9042544797185,2.4020285606384277
81,0.024445791722228664,0.9933209647495361,0.2593125380478896,0.9385281385281385,0.0005360944290559988,1658.212594233663,1261.1266569854301,2.4020285606384277
82,0.028409659928868566,0.9903525046382189,0.2632971561316288,0.9376623376623376,0.0004865025990345069,1687.7490840664802,1274.454762170031,2.4020285606384277
83,0.026044825056709475,0.9935064935064936,0.27227516339454816,0.935930735930736,0.00043911796628569045,1689.0881802407446,1252.8350322507395,2.4020285606384277
84,0.028318480879123666,0.9905380333951762,0.25568572865936146,0.9385281385281385,0.0003939923452097668,1678.0776427770409,1274.1155496571905,2.4020285606384277
85,0.02377611206281163,0.9938775510204082,0.26662322865936144,0.9385281385281385,0.0003511750800108535,1660.5747180397325,1287.121403054253,2.4020285606384277
86,0.028130919504254115,0.9922077922077922,0.26377069382440477,0.9341991341991343,0.00031071299073981033,1664.1067982211582,1222.2763125547287,2.4020285606384277
87,0.02376072021937326,0.9935064935064936,0.2577867384080763,0.9376623376623376,0.00027265032209719536,1677.4976626207017,1242.007623155817,2.4020285606384277
88,0.021707631749876798,0.9949907235621521,0.2572815469849161,0.941991341991342,0.00023702869505234028,1689.65591164766,1254.1285620336182,2.4020285606384277
89,0.02237462059686268,0.9944341372912802,0.2625561206371753,0.9393939393939394,0.00020388706133142522,1679.0797426524166,1225.9160215979641,2.4020285606384277
90,0.025033631616709184,0.9922077922077922,0.2626074060217127,0.9376623376623376,0.00017326166082434503,1743.689057112879,1188.331947304212,2.4020285606384277
91,0.021984498089452402,0.9925788497217068,0.25981400394852544,0.9393939393939394,0.0001451859819569167,1721.3199190372827,1293.026315879468,2.4020285606384277
92,0.02156080624610462,0.9935064935064936,0.2618402390252976,0.9367965367965368,0.00011969072507177778,1684.7976838492525,1315.3948500363597,2.4020285606384277
93,0.018970946699436168,0.9957328385899814,0.26242678423464555,0.9385281385281385,9.680376885801541e-05,1669.5098725443488,1288.3556055002603,2.4020285606384277
94,0.021065090936720925,0.9948051948051948,0.2657863071986607,0.935930735930736,7.655013986622573e-05,1648.8553434083187,1228.9193102846011,2.4020285606384277
95,0.025714269860998378,0.9920222634508349,0.26201914337290316,0.935930735930736,5.8951985142350697e-05,1659.9333622046772,1257.3642000787893,2.4020285606384277
96,0.0224743094647749,0.9936920222634509,0.2596232360575622,0.941991341991342,4.402854801020783e-05,1656.7852861590193,1246.418958252277,2.4020285606384277
97,0.0211528289738303,0.9949907235621521,0.2607183547247024,0.9385281385281385,3.179614702919691e-05,1660.1190139057617,1265.3165827537898,2.4020285606384277
98,0.022092893526151583,0.9927643784786642,0.2626685468665449,0.9393939393939394,2.226815815019653e-05,1656.374315429855,1201.6484941089398,2.4020285606384277
99,0.022024066196080706,0.9940630797773655,0.26086024164637445,0.9367965367965368,1.5455000089157543e-05,1644.68893808975,1302.4444145213122,2.4020285606384277
100,0.02105882888822255,0.9953617810760668,0.26140607032941016,0.9385281385281385,1.136412293438951e-05,1650.581466377238,1247.2366841272508,2.4020285606384277
